Date,Open,High,Low,Close,Turnover ,Close-High,Close-Avg(High_Low),Turnover_Ratio
01-Aug-17,10101.05,10128.6,10065.75,10114.65,11515.29,-13.95,17.475,0
02-Aug-17,10136.3,10137.85,10054.2,10081.5,9165.92,-56.35,-14.525,-0.204021783
03-Aug-17,10081.15,10081.15,9998.25,10013.65,10714.1,-67.5,-26.05,0.168906122
04-Aug-17,10008.6,10075.25,9988.35,10066.4,10397.88,-8.85,34.6,-0.029514378
07-Aug-17,10074.8,10088.1,10046.35,10057.4,7827.95,-30.7,-9.825,-0.247159036
08-Aug-17,10068.35,10083.8,9947,9978.55,10780.41,-105.25,-36.85,0.377168991
09-Aug-17,9961.15,9969.8,9893.05,9908.05,8831.72,-61.75,-23.375,-0.180762142
10-Aug-17,9872.85,9892.65,9776.2,9820.25,12040.13,-72.4,-14.175,0.363282577
11-Aug-17,9712.15,9771.65,9685.55,9710.8,13435.56,-60.85,-17.8,0.11589825
14-Aug-17,9755.75,9818.3,9752.1,9794.15,9486.82,-24.15,8.95,-0.293902152
16-Aug-17,9825.85,9903.95,9773.85,9897.3,10815.38,-6.65,58.4,0.140042712
17-Aug-17,9945.55,9947.8,9883.75,9904.15,9927.47,-43.65,-11.625,-0.082096977
18-Aug-17,9865.95,9865.95,9783.65,9837.4,15636.16,-28.55,12.6,0.575039763
21-Aug-17,9864.25,9884.35,9740.1,9754.35,11764,-130,-57.875,-0.247641365
22-Aug-17,9815.75,9828.45,9752.6,9765.55,9850.89,-62.9,-24.975,-0.162624107
23-Aug-17,9803.05,9857.9,9786.75,9852.5,9961.13,-5.4,30.175,0.011190867
24-Aug-17,9881.2,9881.5,9848.85,9857.05,10392.63,-24.45,-8.125,0.043318379
28-Aug-17,9907.15,9925.75,9882,9912.8,9900.06,-12.95,8.925,-0.047396087
29-Aug-17,9886.4,9887.35,9783.75,9796.05,8469.09,-91.3,-39.5,-0.144541548
30-Aug-17,9859.5,9909.45,9850.8,9884.4,8008.72,-25.05,4.275,-0.054358851
31-Aug-17,9905.7,9925.1,9856.95,9917.9,14619.43,-7.2,26.875,0.825439021
01-Sep-17,9937.65,9983.45,9909.85,9974.4,9314.82,-9.05,27.75,-0.362846568
04-Sep-17,9984.15,9988.4,9861,9912.85,8069.64,-75.55,-11.85,-0.133677301
05-Sep-17,9933.25,9963.1,9901.05,9952.2,7566.62,-10.9,20.125,-0.062334875
06-Sep-17,9899.25,9931.55,9882.55,9916.2,8926.98,-15.35,9.15,0.179784369
07-Sep-17,9945.85,9964.85,9917.2,9929.9,9455.48,-34.95,-11.125,0.059202552
08-Sep-17,9958.65,9963.6,9913.3,9934.8,8792.49,-28.8,-3.65,-0.070117012
11-Sep-17,9971.75,10028.65,9968.8,10006.05,9545.94,-22.6,7.325,0.085692449
12-Sep-17,10056.85,10097.55,10028.05,10093.05,9894.2,-4.5,30.25,0.036482526
13-Sep-17,10099.25,10131.95,10063.15,10079.3,10682.41,-52.65,-18.25,0.079663843
14-Sep-17,10107.4,10126.5,10070.35,10086.6,11047.46,-39.9,-11.825,0.034173
15-Sep-17,10062.35,10115.15,10043.65,10085.4,13650.9,-29.75,6,0.2356596
18-Sep-17,10133.1,10171.7,10131.3,10153.1,8106.66,-18.6,1.6,-0.40614465
19-Sep-17,10175.6,10178.95,10129.95,10147.55,8796.21,-31.4,-6.9,0.085059692
20-Sep-17,10160.95,10171.05,10134.2,10141.15,10105.71,-29.9,-11.475,0.148870934
21-Sep-17,10139.6,10158.9,10058.6,10121.9,11114.28,-37,13.15,0.099801993
22-Sep-17,10094.35,10095.05,9952.8,9964.4,11941.88,-130.65,-59.525,0.074462763
25-Sep-17,9960.1,9960.5,9816.05,9872.6,11258.68,-87.9,-15.675,-0.057210422
26-Sep-17,9875.25,9891.35,9813,9871.5,9754.02,-19.85,19.325,-0.133644441
27-Sep-17,9920.6,9921.05,9714.4,9735.75,10127.39,-185.3,-81.975,0.038278576
28-Sep-17,9736.4,9789.2,9687.55,9768.95,18962.4,-20.25,30.575,0.872387654
29-Sep-17,9814.3,9854,9775.35,9788.6,11087.11,-65.4,-26.075,-0.415310826
03-Oct-17,9893.3,9895.4,9831.05,9859.5,9698.55,-35.9,-3.725,-0.125240933
04-Oct-17,9884.35,9938.3,9850.65,9914.9,8790.29,-23.4,20.425,-0.093649051
05-Oct-17,9927,9945.95,9881.85,9888.7,7823.55,-57.25,-25.2,-0.109978169
06-Oct-17,9908.15,9989.35,9906.6,9979.7,9986.18,-9.65,31.725,0.276425664
09-Oct-17,9988.2,10015.75,9959.45,9988.75,7425.19,-27,1.15,-0.256453419
10-Oct-17,10013.7,10034,10002.3,10016.95,8055.5,-17.05,-1.2,0.084888063
11-Oct-17,10042.6,10067.25,9955.8,9984.8,10227.9,-82.45,-26.725,0.269679101
12-Oct-17,10011.2,10104.45,9977.1,10096.4,10579.8,-8.05,55.625,0.03440589
13-Oct-17,10123.7,10191.9,10120.1,10167.45,12379.8,-24.45,11.45,0.170135541
16-Oct-17,10207.4,10242.95,10175.1,10230.85,11774.68,-12.1,21.825,-0.048879626
17-Oct-17,10227.65,10251.85,10212.6,10234.45,10422.81,-17.4,2.225,-0.114811613
18-Oct-17,10209.4,10236.45,10175.75,10210.85,13177.83,-25.6,4.75,0.264326031
19-Oct-17,10210.35,10211.95,10123.35,10146.55,1685.16,-65.4,-21.1,-0.872121586
23-Oct-17,10176.65,10224.15,10124.5,10184.85,12144.31,-39.3,10.525,6.20662133
24-Oct-17,10218.55,10237.75,10182.4,10207.7,11539.73,-30.05,-2.375,-0.049782985
25-Oct-17,10321.15,10340.55,10240.9,10295.35,25922.51,-45.2,4.625,1.246370582
26-Oct-17,10291.8,10355.65,10271.85,10343.8,23135.46,-11.85,30.05,-0.107514666
27-Oct-17,10362.3,10366.15,10311.3,10323.05,15149.9,-43.1,-15.675,-0.345165387
30-Oct-17,10353.85,10384.5,10344.3,10363.65,12558.7,-20.85,-0.75,-0.171037433
31-Oct-17,10364.9,10367.7,10323.95,10335.3,12830.06,-32.4,-10.525,0.021607332
01-Nov-17,10390.35,10451.65,10383.05,10440.5,14206.21,-11.15,23.15,0.107259826
02-Nov-17,10440.5,10453,10412.55,10423.8,10779.63,-29.2,-8.975,-0.241202967
03-Nov-17,10461.55,10461.7,10403.6,10452.5,10070.83,-9.2,19.85,-0.065753648
06-Nov-17,10431.75,10490.45,10413.75,10451.8,10231.76,-38.65,-0.3,0.015979815
07-Nov-17,10477.15,10485.75,10340.8,10350.15,16182.46,-135.6,-63.125,0.581591046
08-Nov-17,10361.95,10384.25,10285.5,10303.15,14789.39,-81.1,-31.725,-0.086085181
09-Nov-17,10358.65,10368.45,10266.95,10308.95,12697.28,-59.5,-8.75,-0.141460195
10-Nov-17,10304.35,10344.95,10254.1,10321.75,14682.6,-23.2,22.225,0.156357897
13-Nov-17,10322,10334.15,10216.25,10224.95,11783.34,-109.2,-50.25,-0.197462302
14-Nov-17,10223.4,10248,10175.55,10186.6,15398.97,-61.4,-25.175,0.306842542
15-Nov-17,10171.95,10175.45,10094,10118.05,11609.18,-57.4,-16.675,-0.24610672
16-Nov-17,10152.9,10232.25,10139.2,10214.75,9995.55,-17.5,29.025,-0.138996036
17-Nov-17,10324.55,10343.6,10268.05,10283.6,11023.35,-60,-22.225,0.102825757
20-Nov-17,10287.2,10309.85,10261.5,10298.75,8502.63,-11.1,13.075,-0.228670958
21-Nov-17,10329.25,10358.7,10315.05,10326.9,10443.99,-31.8,-9.975,0.228324648
22-Nov-17,10350.8,10368.7,10309.55,10342.3,9136.04,-26.4,3.175,-0.125234704
23-Nov-17,10358.45,10374.3,10307.3,10348.75,8789.42,-25.55,7.95,-0.037939851
24-Nov-17,10366.8,10404.5,10362.25,10389.7,8197.66,-14.8,6.325,-0.067326399
27-Nov-17,10361.05,10407.15,10340.2,10399.55,7551.71,-7.6,25.875,-0.078796876
28-Nov-17,10387.9,10409.55,10355.2,10370.25,9979.25,-39.3,-12.125,0.32145567
29-Nov-17,10376.65,10392.95,10345.9,10361.3,8852.8,-31.65,-8.125,-0.112879224
30-Nov-17,10332.7,10332.7,10211.25,10226.55,19005.56,-106.15,-45.425,1.146841677
01-Dec-17,10263.7,10272.7,10108.55,10121.8,8518.58,-150.9,-68.825,-0.551784846
04-Dec-17,10175.05,10179.2,10095.7,10127.75,8458.66,-51.45,-9.7,-0.007034036
05-Dec-17,10118.25,10147.95,10069.1,10118.25,8749.09,-29.7,9.725,0.034335226
06-Dec-17,10088.8,10104.2,10033.35,10044.1,9598.82,-60.1,-24.675,0.097122101
07-Dec-17,10063.45,10182.65,10061.9,10166.7,9910.28,-15.95,44.425,0.032447738
08-Dec-17,10198.45,10270.85,10195.25,10265.65,11468.15,-5.2,32.6,0.157197375
11-Dec-17,10310.5,10329.2,10282.05,10322.25,8453.76,-6.95,16.625,-0.262848847
12-Dec-17,10324.9,10326.1,10230.2,10240.15,10380.24,-85.95,-38,0.227884397
13-Dec-17,10236.6,10296.55,10169.85,10192.95,10070.44,-103.6,-40.25,-0.029845167
14-Dec-17,10229.3,10276.1,10141.55,10252.1,9549.23,-24,43.275,-0.051756428
15-Dec-17,10345.65,10373.1,10319.65,10333.25,15106.77,-39.85,-13.125,0.581988286
18-Dec-17,10263.1,10443.55,10074.8,10388.75,12921.61,-54.8,129.575,-0.144647731
19-Dec-17,10414.8,10472.2,10406,10463.2,10982.95,-9,24.1,-0.150032388
20-Dec-17,10494.4,10494.45,10437.15,10444.2,11303,-50.25,-21.6,0.029140623
21-Dec-17,10473.95,10473.95,10426.9,10440.3,9411.2,-33.65,-10.125,-0.167371494
22-Dec-17,10457.3,10501.1,10448.25,10493,8755.32,-8.1,18.325,-0.069691431
26-Dec-17,10512.3,10545.45,10477.95,10531.5,9043.77,-13.95,19.8,0.032945683
27-Dec-17,10531.05,10552.4,10469.25,10490.75,9077.6,-61.65,-20.075,0.003740697
28-Dec-17,10498.2,10534.55,10460.45,10477.9,14551.58,-56.65,-19.6,0.603020622
29-Dec-17,10492.35,10538.7,10488.65,10530.7,8943.1,-8,17.025,-0.38542069
01-Jan-18,10531.7,10537.85,10423.1,10435.55,7546.56,-102.3,-44.925,-0.156158379
02-Jan-18,10477.55,10495.2,10404.65,10442.2,8665.47,-53,-7.725,0.148267555
03-Jan-18,10482.65,10503.6,10429.55,10443.2,9541.6,-60.4,-23.375,0.101105883
04-Jan-18,10469.4,10513,10441.45,10504.8,9561.95,-8.2,27.575,0.002132766
05-Jan-18,10534.25,10566.1,10520.1,10558.85,10306.22,-7.25,15.75,0.077836634
08-Jan-18,10591.7,10631.2,10588.55,10623.6,9907.27,-7.6,13.725,-0.038709634
09-Jan-18,10645.1,10659.15,10603.6,10637,10733.37,-22.15,5.625,0.083383213
10-Jan-18,10652.05,10655.5,10592.7,10632.2,9720.65,-23.3,8.1,-0.094352473
11-Jan-18,10637.05,10664.6,10612.35,10651.2,9635.01,-13.4,12.725,-0.00881011
12-Jan-18,10682.55,10690.4,10597.1,10681.25,11005.12,-9.15,37.5,0.142201202
15-Jan-18,10718.5,10782.65,10713.8,10741.55,11333.11,-41.1,-6.675,0.029803401
16-Jan-18,10761.5,10762.35,10687.85,10700.45,12709.44,-61.9,-24.65,0.121443275
17-Jan-18,10702.45,10803,10666.75,10788.55,14334.26,-14.45,53.675,0.127843556
18-Jan-18,10873.4,10887.5,10782.4,10817,17930.3,-70.5,-17.95,0.250870293
19-Jan-18,10829.2,10906.85,10793.9,10894.7,11792.26,-12.15,44.325,-0.342327792
22-Jan-18,10883.2,10975.1,10881.4,10966.2,14469.06,-8.9,37.95,0.226996352
23-Jan-18,10997.4,11092.9,10994.55,11083.7,16423.91,-9.2,39.975,0.135105529
24-Jan-18,11069.35,11110.1,11046.15,11086,16915.14,-24.1,7.875,0.029909443
25-Jan-18,11095.6,11095.6,11009.2,11069.65,19939.54,-25.95,17.25,0.178798402
29-Jan-18,11079.35,11171.55,11075.95,11130.4,16118.36,-41.15,6.65,-0.191638323
30-Jan-18,11120.85,11121.1,11033.9,11049.65,13232.19,-71.45,-27.85,-0.179061021
31-Jan-18,11018.8,11058.5,10979.3,11027.7,14459.69,-30.8,8.8,0.092766201
01-Feb-18,11044.55,11117.35,10878.8,11016.9,17719.4,-100.45,18.825,0.225434294
02-Feb-18,10938.2,10954.95,10736.1,10760.6,16542.51,-194.35,-84.925,-0.066418163
05-Feb-18,10604.3,10702.75,10586.8,10666.55,13980.63,-36.2,21.775,-0.154866462
06-Feb-18,10295.15,10594.15,10276.3,10498.25,15606.34,-95.9,63.025,0.116283029
07-Feb-18,10607.2,10614,10446.4,10476.7,13971.66,-137.3,-53.5,-0.10474461
08-Feb-18,10518.5,10637.8,10479.55,10576.85,12569.23,-60.95,18.175,-0.100376763
09-Feb-18,10416.5,10480.2,10398.2,10454.95,10602.15,-25.25,15.75,-0.156499642
12-Feb-18,10518.2,10555.5,10485.4,10539.75,11133.78,-15.75,19.3,0.050143603
14-Feb-18,10585.75,10590.55,10456.65,10500.9,12188.94,-89.65,-22.7,0.094771048
15-Feb-18,10537.9,10618.1,10511.05,10545.5,11035.38,-72.6,-19.075,-0.094639895
16-Feb-18,10596.2,10612.9,10434.05,10452.3,10026.71,-160.6,-71.175,-0.091403287
19-Feb-18,10488.9,10489.35,10302.75,10378.4,9871.36,-110.95,-17.65,-0.015493617
20-Feb-18,10391,10429.35,10347.65,10360.4,9619.95,-68.95,-28.1,-0.025468628
21-Feb-18,10426,10426.1,10349.6,10397.45,12996.36,-28.65,9.6,0.350979995
22-Feb-18,10354.35,10397.55,10340.65,10382.7,17711.46,-14.85,13.6,0.362801584
23-Feb-18,10408.1,10499.1,10396.65,10491.05,12704.32,-8.05,43.175,-0.282706225
26-Feb-18,10526.55,10592.95,10520.2,10582.6,10274.89,-10.35,26.025,-0.191228653
27-Feb-18,10615.2,10631.65,10537.25,10554.3,10276.42,-77.35,-30.15,0.000148907
28-Feb-18,10488.95,10535.5,10461.55,10492.85,16299.11,-42.65,-5.675,0.586068884
01-Mar-18,10479.95,10525.5,10447.15,10458.35,10179.48,-67.15,-27.975,-0.375457924
05-Mar-18,10428.3,10428.7,10323.9,10358.85,10673.92,-69.85,-17.45,0.048572226
06-Mar-18,10420.5,10441.35,10215.9,10249.25,12143.95,-192.1,-79.375,0.137721662
07-Mar-18,10232.95,10243.35,10141.55,10154.2,12128.88,-89.15,-38.25,-0.001240947
08-Mar-18,10216.25,10270.35,10146.4,10242.65,11479.51,-27.7,34.275,-0.053539156
09-Mar-18,10271.3,10296.7,10211.9,10226.85,9874.81,-69.85,-27.45,-0.139788197
12-Mar-18,10301.6,10433.65,10295.45,10421.4,10968.95,-12.25,56.85,0.110801119
13-Mar-18,10389.5,10478.6,10377.85,10426.85,23965.25,-51.75,-1.375,1.18482626
14-Mar-18,10393.05,10420.35,10336.3,10410.9,9564.68,-9.45,32.575,-0.600893794
15-Mar-18,10405.45,10420,10346.2,10360.15,8588.01,-59.85,-22.95,-0.102112146
16-Mar-18,10345.15,10346.3,10180.25,10195.15,18811.97,-151.15,-68.125,1.190492326
19-Mar-18,10215.35,10224.55,10075.3,10094.25,11111.43,-130.3,-55.675,-0.409342562
20-Mar-18,10051.55,10155.65,10049.1,10124.35,10947.12,-31.3,21.975,-0.014787476
21-Mar-18,10181.95,10227.3,10132.95,10155.25,11269.73,-72.05,-24.875,0.029469851
22-Mar-18,10167.5,10207.85,10105.4,10114.75,11558.88,-93.1,-41.875,0.025657225
23-Mar-18,9968.8,10027.7,9951.9,9998.05,14435.17,-29.65,8.25,0.248838123
26-Mar-18,9989.15,10143.5,9958.55,10130.65,12695.47,-12.85,79.625,-0.120518151
27-Mar-18,10188,10207.9,10139.65,10184.15,11175.79,-23.75,10.375,-0.11970254
28-Mar-18,10143.6,10158.35,10096.9,10113.7,18807.48,-44.65,-13.925,0.682877005
02-Apr-18,10151.65,10220.1,10127.75,10211.8,10968.95,-8.3,37.875,-0.416777261
03-Apr-18,10186.85,10255.35,10171.05,10245,10167.12,-10.35,31.8,-0.073099978
04-Apr-18,10274.6,10279.85,10111.3,10128.4,11861.79,-151.45,-67.175,0.16668142
05-Apr-18,10228.45,10331.8,10227.45,10325.15,11674.92,-6.65,45.525,-0.015753946
06-Apr-18,10322.75,10350.45,10290.85,10331.6,10131.74,-18.85,10.95,-0.132179064
09-Apr-18,10333.7,10397.7,10328.5,10379.35,10714.13,-18.35,16.25,0.057481736
10-Apr-18,10412.9,10424.85,10381.5,10402.25,11905.12,-22.6,-0.925,0.111160682
11-Apr-18,10428.15,10428.15,10355.6,10417.15,11790.58,-11,25.275,-0.009621071
12-Apr-18,10410.65,10469.9,10395.25,10458.65,12249.66,-11.25,26.075,0.038936168
13-Apr-18,10495.3,10519.9,10451.45,10480.6,12354.55,-39.3,-5.075,0.008562687
16-Apr-18,10398.3,10540.15,10396.35,10528.35,11242.05,-11.8,60.1,-0.090047796
17-Apr-18,10557.3,10560.45,10495.65,10548.7,10501.71,-11.75,20.65,-0.065854537
18-Apr-18,10578.9,10594.2,10509.7,10526.2,9888.65,-68,-25.75,-0.05837716
19-Apr-18,10563.65,10572.2,10546.2,10565.3,12559.11,-6.9,6.1,0.270053041
20-Apr-18,10560.35,10582.35,10527.45,10564.05,15372.66,-18.3,9.15,0.224024632
23-Apr-18,10592.8,10638.35,10514.95,10584.7,13642.67,-53.65,8.05,-0.112536802
24-Apr-18,10578.1,10636.8,10569,10614.35,12281.53,-22.45,11.45,-0.099770793
25-Apr-18,10612.4,10612.6,10536.45,10570.55,11125.11,-42.05,-3.975,-0.094159278
26-Apr-18,10586.5,10628.4,10559.65,10617.8,19200.41,-10.6,23.775,0.725862486
27-Apr-18,10651.65,10719.8,10647.55,10692.3,16886.89,-27.5,8.625,-0.12049326
30-Apr-18,10705.75,10759,10704.6,10739.35,10412.57,-19.65,7.55,-0.383393271
02-May-18,10783.85,10784.65,10689.8,10718.05,14820.58,-66.6,-19.175,0.423335449
03-May-18,10720.15,10720.6,10647.45,10679.65,11018.21,-40.95,-4.375,-0.256560135
04-May-18,10700.45,10700.45,10601.6,10618.25,9721.56,-82.2,-32.775,-0.117682455
07-May-18,10653.15,10725.65,10635.65,10715.5,9239.44,-10.15,34.85,-0.049592864
08-May-18,10757.9,10758.55,10689.4,10717.8,12783.49,-40.75,-6.175,0.383578442
09-May-18,10693.35,10766.25,10689.85,10741.7,10390.92,-24.55,13.65,-0.18716094
10-May-18,10779.65,10785.55,10705,10716.55,10526.38,-69,-28.725,0.013036382
11-May-18,10741.95,10812.05,10724.45,10806.5,10432.43,-5.55,38.25,-0.008925196
14-May-18,10815.15,10834.85,10774.75,10806.6,9075.44,-28.25,1.8,-0.130074201
15-May-18,10812.6,10929.2,10781.4,10801.85,13582.7,-127.35,-53.45,0.496643689
16-May-18,10751.95,10790.45,10699.7,10741.1,11359.48,-49.35,-3.975,-0.16368027
17-May-18,10775.6,10777.25,10664.5,10682.7,12506.3,-94.55,-38.175,0.100957086
18-May-18,10671.85,10674.95,10589.1,10596.4,13908.47,-78.55,-35.625,0.112117093
21-May-18,10616.7,10621.7,10505.8,10516.7,11346.13,-105,-47.05,-0.184228747
22-May-18,10518.45,10558.6,10490.55,10536.7,12017.36,-21.9,12.125,0.059159379
23-May-18,10521.1,10533.55,10417.8,10430.35,13456.6,-103.2,-45.325,0.119763409
24-May-18,10464.85,10535.15,10419.8,10513.85,12914.16,-21.3,36.375,-0.040310331
25-May-18,10533.05,10628.05,10524,10605.15,12431.16,-22.9,29.125,-0.037400807
28-May-18,10648.35,10709.8,10640.55,10688.65,11764.35,-21.15,13.475,-0.053640207
29-May-18,10689.4,10717.25,10616.1,10633.3,11817.39,-83.95,-33.375,0.004508536
30-May-18,10579,10648.7,10558.45,10614.35,12224.76,-34.35,10.775,0.034472079
31-May-18,10670.1,10763.8,10620.4,10736.15,29479.77,-27.65,44.05,1.411480471
01-Jun-18,10738.45,10764.75,10681.5,10696.2,12965.01,-68.55,-26.925,-0.560206542
04-Jun-18,10765.95,10770.3,10618.35,10628.5,14120.49,-141.8,-65.825,0.089122955
05-Jun-18,10630.7,10633.15,10550.9,10593.15,10027.54,-40,1.125,-0.289858921
06-Jun-18,10603.45,10698.35,10587.5,10684.65,9920.75,-13.7,41.725,-0.010649671
07-Jun-18,10722.6,10818,10722.6,10768.35,11315.24,-49.65,-1.95,0.140562961
08-Jun-18,10736.4,10779.45,10709.05,10767.65,12360.88,-11.8,23.4,0.092409883
11-Jun-18,10781.85,10850.55,10777.05,10786.95,11384.97,-63.6,-26.85,-0.078951499
12-Jun-18,10816.15,10856.55,10789.4,10842.85,11989.07,-13.7,19.875,0.053061185
13-Jun-18,10887.5,10893.25,10842.65,10856.7,12982.8,-36.55,-11.25,0.082886329
14-Jun-18,10832.9,10833.7,10773.55,10808.05,11659.79,-25.65,4.425,-0.101904828
15-Jun-18,10808.65,10834,10755.4,10817.7,19271.43,-16.3,23,0.652811071
18-Jun-18,10830.2,10830.2,10787.35,10799.85,11182.48,-30.35,-8.925,-0.419737923
19-Jun-18,10789.45,10789.45,10701.2,10710.45,12290.16,-79,-34.875,0.09905495
20-Jun-18,10734.65,10781.8,10724.05,10772.05,10858.35,-9.75,19.125,-0.116500517
21-Jun-18,10808.45,10809.6,10725.9,10741.1,12211.18,-68.5,-26.65,0.124588911
22-Jun-18,10742.7,10837,10710.45,10821.85,13520.01,-15.15,48.125,0.107182926
25-Jun-18,10822.9,10831.05,10753.05,10762.45,12012.41,-68.6,-29.6,-0.111508793
26-Jun-18,10742.7,10805.25,10732.55,10769.15,12113.53,-36.1,0.25,0.008417961
27-Jun-18,10785.5,10785.5,10652.4,10671.4,13837.03,-114.1,-47.55,0.142278923
28-Jun-18,10660.8,10674.2,10557.7,10589.1,20187.98,-85.1,-26.85,0.458982166
29-Jun-18,10612.85,10723.05,10612.35,10714.3,14440.17,-8.75,46.6,-0.284714469
02-Jul-18,10732.35,10736.15,10604.65,10657.3,13591.3,-78.85,-13.1,-0.058785319
03-Jul-18,10668.6,10713.3,10630.25,10699.9,10896.89,-13.4,28.125,-0.198245201
04-Jul-18,10715,10777.15,10677.75,10769.9,10388.69,-7.25,42.45,-0.04663716
05-Jul-18,10786.05,10786.05,10726.25,10749.75,13676.58,-36.3,-6.4,0.316487449
06-Jul-18,10744.15,10816.35,10735.05,10772.65,14006.48,-43.7,-3.05,0.024121527
09-Jul-18,10838.3,10860.35,10807.15,10852.9,10843.92,-7.45,19.15,-0.225792633
10-Jul-18,10902.75,10956.9,10876.65,10947.25,12834.85,-9.65,30.475,0.183598736
11-Jul-18,10956.4,10976.65,10923,10948.3,15944.45,-28.35,-1.525,0.242277861
12-Jul-18,11006.95,11078.3,10999.65,11023.2,15787.28,-55.1,-15.775,-0.009857348
13-Jul-18,11056.9,11071.35,10999.75,11018.9,14744.56,-52.45,-16.65,-0.06604811
16-Jul-18,11018.95,11019.5,10926.25,10936.85,13709.57,-82.65,-36.025,-0.070194702
17-Jul-18,10939.65,11018.5,10925.6,11008.05,12649.4,-10.45,36,-0.077330653
18-Jul-18,11060.2,11076.2,10956.3,10980.45,13320.2,-95.75,-35.8,0.053030183
19-Jul-18,10999.5,11006.5,10935.45,10957.1,12199.98,-49.4,-13.875,-0.084099338
20-Jul-18,10963.5,11030.25,10946.2,11010.2,14105.94,-20.05,21.975,0.156226486
23-Jul-18,11019.85,11093.4,11010.95,11084.75,14932.51,-8.65,32.575,0.0585973
24-Jul-18,11109,11143.4,11092.5,11134.3,13931.15,-9.1,16.35,-0.067059054
25-Jul-18,11148.4,11157.15,11113.25,11132,12528.8,-25.15,-3.2,-0.100662903
26-Jul-18,11132.95,11185.85,11125.7,11167.3,21595.33,-18.55,11.525,0.723655099
27-Jul-18,11232.75,11283.4,11210.25,11278.35,15203.09,-5.05,31.525,-0.296001034
30-Jul-18,11296.65,11328.1,11261.45,11319.55,14716.66,-8.55,24.775,-0.031995469
31-Jul-18,11311.05,11366,11267.75,11356.5,15297.4,-9.5,39.625,0.0394614
01-Aug-18,11359.8,11390.55,11313.55,11346.2,14436.12,-44.35,-5.85,-0.056302378
02-Aug-18,11328.9,11328.9,11234.95,11244.7,12267.66,-84.2,-37.225,-0.150210721
03-Aug-18,11297.8,11368,11294.55,11360.8,12984.66,-7.2,29.525,0.058446354
06-Aug-18,11401.5,11427.65,11370.6,11387.1,11321.55,-40.55,-12.025,-0.128082676
07-Aug-18,11423.15,11428.95,11359.7,11389.45,12457.71,-39.5,-4.875,0.10035375
08-Aug-18,11412.5,11459.95,11379.3,11450,12422.62,-9.95,30.375,-0.00281673
09-Aug-18,11493.25,11495.2,11454.1,11470.7,15842.76,-24.5,-3.95,0.275315513
10-Aug-18,11474.95,11478.75,11419.65,11429.5,15738.26,-49.25,-19.7,-0.006596073
13-Aug-18,11369.6,11406.3,11340.3,11355.75,12899.22,-50.55,-17.55,-0.180390971
14-Aug-18,11381.7,11452.45,11370.8,11435.1,13935.35,-17.35,23.475,0.080325012
16-Aug-18,11397.15,11449.85,11366.25,11385.05,17081.62,-64.8,-23,0.225776174
17-Aug-18,11437.15,11486.45,11431.8,11470.75,13275.31,-15.7,11.625,-0.222830739
20-Aug-18,11502.1,11565.3,11499.65,11551.75,14119.93,-13.55,19.275,0.063623373
21-Aug-18,11576.2,11581.75,11539.6,11570.9,13528.83,-10.85,10.225,-0.041862814
23-Aug-18,11620.7,11620.7,11546.7,11582.75,16117.77,-37.95,-0.95,0.191364663
24-Aug-18,11566.6,11604.6,11532,11557.1,13019.55,-47.5,-11.2,-0.192223862
27-Aug-18,11605.85,11700.95,11595.6,11691.95,11707.5,-9,43.675,-0.100775372
28-Aug-18,11731.95,11760.2,11710.5,11738.5,13946.7,-21.7,3.15,0.191262012
29-Aug-18,11744.95,11753.2,11678.85,11691.9,14324.65,-61.3,-24.125,0.027099601
30-Aug-18,11694.75,11698.8,11639.7,11676.8,18275.54,-22,7.55,0.275810578
31-Aug-18,11675.85,11727.65,11640.1,11680.5,20755.73,-47.15,-3.375,0.135710901
03-Sep-18,11751.8,11751.8,11567.4,11582.35,16139.58,-169.45,-77.25,-0.222403645
04-Sep-18,11598.75,11602.55,11496.85,11520.3,16254.78,-82.25,-29.4,0.007137732
05-Sep-18,11514.85,11542.65,11393.85,11476.95,15078.23,-65.7,8.7,-0.072381786
06-Sep-18,11514.15,11562.25,11436.05,11536.9,15161,-25.35,37.75,0.005489371
07-Sep-18,11558.25,11603,11484.4,11589.1,16441.02,-13.9,45.4,0.084428468
10-Sep-18,11570.25,11573,11427.3,11438.1,16513.89,-134.9,-62.05,0.004432207
11-Sep-18,11476.85,11479.4,11274,11287.5,18745.54,-191.9,-89.2,0.135137754
12-Sep-18,11340.1,11380.75,11250.2,11369.9,15567.9,-10.85,54.425,-0.169514455
14-Sep-18,11443.5,11523.25,11430.55,11515.2,16423.36,-8.05,38.3,0.05495025
17-Sep-18,11464.95,11464.95,11366.9,11377.75,11294.84,-87.2,-38.175,-0.31226984
18-Sep-18,11381.55,11411.45,11268.95,11278.9,13814.11,-132.55,-61.3,0.223046099
19-Sep-18,11326.65,11332.05,11210.9,11234.35,15116.69,-97.7,-37.125,0.094293443
21-Sep-18,11271.3,11346.8,10866.45,11143.1,35131.19,-203.7,36.475,1.324000161
24-Sep-18,11164.4,11170.15,10943.6,10967.4,23023.34,-202.75,-89.475,-0.344646737
25-Sep-18,10969.95,11080.6,10882.85,11067.45,22878.57,-13.15,85.725,-0.006287967
26-Sep-18,11145.55,11145.55,10993.05,11053.8,17803.68,-91.75,-15.5,-0.221818497
27-Sep-18,11079.8,11089.45,10953.35,10977.55,22582.86,-111.9,-43.85,0.268437761
28-Sep-18,11008.1,11034.1,10850.3,10930.45,23227.86,-103.65,-11.75,0.028561484
01-Oct-18,10930.9,11035.65,10821.55,11008.3,20391.72,-27.35,79.7,-0.122100788
03-Oct-18,10982.7,10989.05,10843.75,10858.25,21225.59,-130.8,-58.15,0.040892578
04-Oct-18,10754.7,10754.7,10547.25,10599.25,23711.57,-155.45,-51.725,0.117121833
05-Oct-18,10514.1,10540.65,10261.9,10316.45,25254.21,-224.2,-84.825,0.065058535
08-Oct-18,10310.15,10398.35,10198.4,10348.05,22130.94,-50.3,49.675,-0.123673241
09-Oct-18,10390.3,10397.6,10279.35,10301.05,18285.41,-96.55,-37.425,-0.173762615
10-Oct-18,10331.85,10482.35,10318.25,10460.1,19592.59,-22.25,59.8,0.071487596
11-Oct-18,10169.8,10335.95,10138.6,10234.65,21907.13,-101.3,-2.625,0.118133437
12-Oct-18,10331.55,10492.45,10322.15,10472.5,18606.04,-19.95,65.2,-0.150685644
15-Oct-18,10524.2,10526.3,10410.15,10512.5,14372.15,-13.8,44.275,-0.227554601
16-Oct-18,10550.15,10604.9,10525.3,10584.75,15453.03,-20.15,19.65,0.075206563
17-Oct-18,10688.7,10710.15,10436.45,10453.05,17173.14,-257.1,-120.25,0.11131215
19-Oct-18,10339.7,10380.1,10249.6,10303.55,20505.66,-76.55,-11.3,0.194054203
22-Oct-18,10405.85,10408.55,10224,10245.25,17241.94,-163.3,-71.025,-0.159161909
23-Oct-18,10152.6,10222.1,10102.35,10146.8,18114.71,-75.3,-15.425,0.050619014
24-Oct-18,10278.15,10290.65,10126.7,10224.75,19413.24,-65.9,16.075,0.071683731
25-Oct-18,10135.05,10166.6,10079.3,10124.9,23503.76,-41.7,1.95,0.210707744
26-Oct-18,10122.35,10128.85,10004.55,10030,16120.14,-98.85,-36.7,-0.314146332
29-Oct-18,10078.1,10275.3,10020.35,10250.85,17514.85,-24.45,103.025,0.08651972
30-Oct-18,10239.4,10285.1,10175.35,10198.4,14789.51,-86.7,-31.825,-0.155601675
31-Oct-18,10209.55,10396,10105.1,10386.6,21513.85,-9.4,136.05,0.45466956
01-Nov-18,10441.7,10441.9,10341.9,10380.45,18111.88,-61.45,-11.45,-0.158129298
02-Nov-18,10462.3,10606.95,10457.7,10553,21758.8,-53.95,20.675,0.201355133
05-Nov-18,10558.75,10558.8,10477,10524,14761.17,-34.8,6.1,-0.321599996
06-Nov-18,10552,10600.25,10491.45,10530,14006.19,-70.25,-15.85,-0.051146352
07-Nov-18,10614.45,10616.45,10582.3,10598.4,1534.08,-18.05,-0.975,-0.890471284
09-Nov-18,10614.7,10619.55,10544.85,10585.2,15294.83,-34.35,3,8.970034157
12-Nov-18,10607.8,10645.5,10464.05,10482.2,13445.33,-163.3,-72.575,-0.120923214
13-Nov-18,10451.9,10596.25,10440.55,10582.5,13078.98,-13.75,64.1,-0.027247379
14-Nov-18,10634.9,10651.6,10532.7,10576.3,19374.89,-75.3,-15.85,0.481376224
15-Nov-18,10580.6,10646.5,10557.5,10616.7,14937.67,-29.8,14.7,-0.229019107
16-Nov-18,10644,10695.15,10631.15,10682.2,16728.88,-12.95,19.05,0.119912275
19-Nov-18,10731.25,10774.7,10688.8,10763.4,13540.9,-11.3,31.65,-0.19056745
20-Nov-18,10740.1,10740.85,10640.85,10656.2,13077.24,-84.65,-34.65,-0.034241446
21-Nov-18,10670.95,10671.3,10562.35,10600.05,15382.32,-71.25,-16.775,0.176266552
22-Nov-18,10612.65,10646.25,10512,10526.75,12254.36,-119.5,-52.375,-0.203347739
26-Nov-18,10568.3,10637.8,10489.75,10628.6,15927.25,-9.2,64.825,0.299721079
27-Nov-18,10621.45,10695.15,10596.35,10685.6,17296.28,-9.55,39.85,0.085955203
28-Nov-18,10708.75,10757.8,10699.85,10728.85,17737.28,-28.95,0.025,0.025496812
29-Nov-18,10808.7,10883.05,10782.35,10858.7,26283.43,-24.35,26,0.48181852
30-Nov-18,10892.1,10922.45,10835.1,10876.75,19964.33,-45.7,-2.025,-0.240421437
03-Dec-18,10930.7,10941.2,10845.35,10883.75,18484.91,-57.45,-9.525,-0.074103163
04-Dec-18,10877.1,10890.95,10833.35,10869.5,15857.16,-21.45,7.35,-0.142156494
05-Dec-18,10820.45,10821.05,10747.95,10782.9,15176.26,-38.15,-1.6,-0.042939593
06-Dec-18,10718.15,10722.65,10588.25,10601.15,16488.87,-121.5,-54.3,0.086491006
07-Dec-18,10644.8,10704.55,10599.35,10693.7,18597.83,-10.85,41.75,0.127902033
10-Dec-18,10508.7,10558.85,10474.95,10488.45,16524.36,-70.4,-28.45,-0.111489889
11-Dec-18,10350.05,10567.15,10333.85,10549.15,20112.91,-18,98.65,0.217167261
12-Dec-18,10591,10752.2,10560.8,10737.6,17447.45,-14.6,81.1,-0.132524831
13-Dec-18,10810.75,10838.6,10749.5,10791.55,17582.8,-47.05,-2.5,0.007757581
14-Dec-18,10784.5,10815.75,10752.1,10805.45,14486.1,-10.3,21.525,-0.176120982
17-Dec-18,10853.2,10900.35,10844.85,10888.35,12528.59,-12,15.75,-0.135130228
18-Dec-18,10850.9,10915.4,10819.1,10908.7,13556.45,-6.7,41.45,0.082041155
19-Dec-18,10930.55,10985.15,10928,10967.3,17172.64,-17.85,10.725,0.266750514
20-Dec-18,10885.2,10962.55,10880.05,10951.7,14945.94,-10.85,30.4,-0.129665561
21-Dec-18,10944.25,10963.65,10738.65,10754,18663.85,-209.65,-97.15,0.248757188
24-Dec-18,10780.9,10782.3,10649.25,10663.5,10695.6,-118.8,-52.275,-0.426934957
26-Dec-18,10635.45,10747.5,10534.55,10729.85,12831.99,-17.65,88.825,0.199744755
27-Dec-18,10817.9,10834.2,10764.45,10779.8,19119.88,-54.4,-19.525,0.490016747
28-Dec-18,10820.95,10893.6,10817.15,10859.9,12615.01,-33.7,4.525,-0.340215001
31-Dec-18,10913.2,10923.55,10853.2,10862.55,10176.13,-61,-25.825,-0.193331595
01-Jan-19,10881.7,10923.6,10807.1,10910.1,8688.26,-13.5,44.75,-0.146211772
02-Jan-19,10868.85,10895.35,10735.05,10792.5,15352.25,-102.85,-22.7,0.767010886
03-Jan-19,10796.8,10814.05,10661.25,10672.25,15030.45,-141.8,-65.4,-0.020961097
04-Jan-19,10699.7,10741.05,10628.65,10727.35,14516.74,-13.7,42.5,-0.034177952
07-Jan-19,10804.85,10835.95,10750.15,10771.8,12731.29,-64.15,-21.25,-0.12299249
08-Jan-19,10786.25,10818.45,10733.25,10802.15,13433.48,-16.3,26.3,0.055154662
09-Jan-19,10862.4,10870.4,10749.4,10855.15,16213.3,-15.25,45.25,0.206932232
10-Jan-19,10859.35,10859.35,10801.8,10821.6,12031.26,-37.75,-8.975,-0.257938853
11-Jan-19,10834.75,10850.15,10739.4,10794.95,13084.6,-55.2,0.175,0.087550265
14-Jan-19,10807,10808,10692.35,10737.6,12732.57,-70.4,-12.575,-0.026904147
15-Jan-19,10777.55,10896.95,10777.55,10886.8,14879.91,-10.15,49.55,0.168649377
16-Jan-19,10899.65,10928.15,10876.9,10890.3,13081.63,-37.85,-12.225,-0.120852882
17-Jan-19,10920.85,10930.65,10844.65,10905.2,13215.83,-25.45,17.55,0.01025866
18-Jan-19,10914.85,10928.2,10852.2,10906.95,16408.83,-21.25,16.75,0.241604197
21-Jan-19,10919.35,10987.45,10885.75,10961.85,17289.7,-25.6,25.25,0.053682682
22-Jan-19,10949.8,10949.8,10864.15,10922.75,17483.62,-27.05,15.775,0.011215926
23-Jan-19,10931.05,10944.8,10811.95,10831.5,14736.91,-113.3,-46.875,-0.157101905
24-Jan-19,10844.05,10866.6,10798.65,10849.8,15298.48,-16.8,17.175,0.03810636
25-Jan-19,10859.75,10931.7,10756.45,10780.55,20542.36,-151.15,-63.525,0.342771308
28-Jan-19,10792.45,10804.45,10630.95,10661.55,21144.33,-142.9,-56.15,0.029303839
29-Jan-19,10653.7,10690.35,10583.65,10652.2,18832.06,-38.15,15.2,-0.109356504
30-Jan-19,10702.25,10710.2,10612.85,10651.8,21214.81,-58.4,-9.725,0.126526254
31-Jan-19,10690.55,10838.05,10678.55,10830.95,27471.18,-7.1,72.65,0.294905776
01-Feb-19,10851.35,10983.45,10813.45,10893.65,23112.37,-89.8,-4.8,-0.158668466
04-Feb-19,10876.75,10927.9,10814.15,10912.25,15478.81,-15.65,41.225,-0.330280278
05-Feb-19,10908.65,10956.7,10886.7,10934.35,13435.13,-22.35,12.65,-0.132030821
06-Feb-19,10965.1,11072.6,10962.7,11062.45,15172.85,-10.15,44.8,0.12934151
07-Feb-19,11070.45,11118.1,11043.6,11069.4,13542.69,-48.7,-11.45,-0.107439275
08-Feb-19,11023.5,11041.2,10925.45,10943.6,15507.05,-97.6,-39.725,0.145049469
11-Feb-19,10930.9,10930.9,10857.1,10888.8,13818.92,-42.1,-5.2,-0.108862098
12-Feb-19,10879.7,10910.9,10823.8,10831.4,14424.78,-79.5,-35.95,0.043842789
13-Feb-19,10870.55,10891.65,10772.1,10793.65,15360.98,-98,-38.225,0.064902203
14-Feb-19,10786.1,10792.7,10718.75,10746.05,20797.41,-46.65,-9.675,0.353911664
15-Feb-19,10780.25,10785.75,10620.4,10724.4,20733.95,-61.35,21.325,-0.003051341
18-Feb-19,10738.65,10759.9,10628.4,10640.95,14903.19,-118.95,-53.2,-0.281218002
19-Feb-19,10636.7,10722.85,10585.65,10604.35,13765.01,-118.5,-49.9,-0.076371569
20-Feb-19,10655.45,10752.7,10646.4,10735.45,13209.71,-17.25,35.9,-0.040341416
21-Feb-19,10744.1,10808.85,10721.5,10789.85,14758.5,-19,24.675,0.117246329
22-Feb-19,10782.7,10801.55,10758.4,10791.65,24386.42,-9.9,11.675,0.6523644
25-Feb-19,10813.25,10887.1,10788.05,10880.1,16466.09,-7,42.525,-0.32478445
26-Feb-19,10775.3,10888.75,10729.3,10835.3,19186.75,-53.45,26.275,0.165228054
27-Feb-19,10881.2,10939.7,10751.2,10806.65,18313.85,-133.05,-38.8,-0.045494938
28-Feb-19,10865.7,10865.7,10784.85,10792.5,27123.34,-73.2,-32.775,0.481028839
01-Mar-19,10842.65,10877.9,10823.1,10863.5,15010.06,-14.4,13,-0.446599866
05-Mar-19,10864.85,10994.9,10817,10987.45,17960.03,-7.45,81.5,0.196532859
06-Mar-19,11024.85,11062.3,10998.85,11053,17850.93,-9.3,22.425,-0.0060746
07-Mar-19,11077.95,11089.05,11027.1,11058.2,15321.68,-30.85,0.125,-0.141687296
08-Mar-19,11038.85,11049,11008.95,11035.4,14369.77,-13.6,6.425,-0.062128304
11-Mar-19,11068.75,11180.9,11059.85,11168.05,17349.95,-12.85,47.675,0.207392324
12-Mar-19,11231.35,11320.4,11227,11301.2,20861.35,-19.2,27.5,0.20238675
13-Mar-19,11326.2,11352.3,11276.6,11341.7,20851.67,-10.6,27.25,-0.000464016
14-Mar-19,11382.5,11383.45,11313.75,11343.25,15661.05,-40.2,-5.35,-0.248930661
15-Mar-19,11376.85,11487,11370.8,11426.85,25143.26,-60.15,-2.05,0.605464512
18-Mar-19,11473.85,11530.15,11412.5,11462.2,16942.22,-67.95,-9.125,-0.326172501
19-Mar-19,11500.3,11543.85,11451.25,11532.4,16179.92,-11.45,34.85,-0.044994103
20-Mar-19,11553.35,11556.1,11503.1,11521.05,18311.44,-35.05,-8.55,0.131738599
22-Mar-19,11549.2,11572.8,11434.55,11456.9,19755.74,-115.9,-46.775,0.07887419
25-Mar-19,11395.65,11395.65,11311.6,11354.25,14101.14,-41.4,0.625,-0.286225674
26-Mar-19,11375.2,11496.75,11352.45,11483.25,14611.68,-13.5,58.65,0.036205583
27-Mar-19,11531.45,11546.2,11413,11445.05,18356.52,-101.15,-34.55,0.256290858
28-Mar-19,11463.65,11588.5,11452.45,11570,25719.65,-18.5,49.525,0.401117968
29-Mar-19,11625.45,11630.35,11570.15,11623.9,20515.25,-6.45,23.65,-0.202351121
01-Apr-19,11665.2,11738.1,11644.75,11669.15,18977.99,-68.95,-22.275,-0.07493255
02-Apr-19,11711.55,11729.35,11655.85,11713.2,18673.7,-16.15,20.6,-0.016033837
03-Apr-19,11735.3,11761,11629.15,11643.95,19050.95,-117.05,-51.125,0.02020221
04-Apr-19,11660.2,11662.55,11559.2,11598,19713.01,-64.55,-12.875,0.034752073
05-Apr-19,11638.4,11689.65,11609.5,11665.95,15000.35,-23.7,16.375,-0.239063441
08-Apr-19,11704.35,11710.3,11549.1,11604.5,14203.96,-105.8,-25.2,-0.053091428
09-Apr-19,11612.05,11683.9,11569.7,11671.95,15984.39,-11.95,45.15,0.125347438
10-Apr-19,11646.85,11680.05,11571.75,11584.3,22258.46,-95.75,-41.6,0.39251232
11-Apr-19,11592.55,11606.7,11550.55,11596.7,14332.2,-10,18.075,-0.356101006
12-Apr-19,11612.85,11657.35,11578.8,11643.45,13598.61,-13.9,25.375,-0.051184745
15-Apr-19,11667,11704.6,11648.25,11690.35,15635.79,-14.25,13.925,0.149807958
16-Apr-19,11736.2,11810.95,11731.55,11787.15,17585.48,-23.8,15.9,0.124694051
18-Apr-19,11856.15,11856.15,11738.5,11752.8,18271.27,-103.35,-44.525,0.038997514
22-Apr-19,11727.05,11727.05,11583.95,11594.45,13754.12,-132.6,-61.05,-0.247226931
23-Apr-19,11612.95,11645.95,11564.8,11575.95,14500.53,-70,-29.425,0.054268103
24-Apr-19,11601.5,11740.85,11578.85,11726.15,17046.66,-14.7,66.3,0.175588754
25-Apr-19,11735.7,11796.75,11624.3,11641.8,28254.3,-154.95,-68.725,0.657468384
26-Apr-19,11683.75,11762.9,11661.75,11754.65,18098.83,-8.25,42.325,-0.359430954
30-Apr-19,11748.75,11756.25,11655.9,11748.15,23324.98,-8.1,42.075,0.288756235
02-May-19,11725.55,11789.3,11699.55,11724.75,17790.06,-64.55,-19.675,-0.237295809
03-May-19,11722.6,11770.9,11699.35,11712.25,15156.32,-58.65,-22.875,-0.148045594
06-May-19,11605.8,11632.55,11571.35,11598.25,14703.42,-34.3,-3.7,-0.029881924
07-May-19,11651.5,11657.05,11484.45,11497.9,16632.84,-159.15,-72.85,0.131222532
08-May-19,11478.7,11479.1,11346.95,11359.45,17440.01,-119.65,-53.575,0.048528694
09-May-19,11322.4,11357.6,11255.05,11301.8,17602.86,-55.8,-4.525,0.009337724
10-May-19,11314.15,11345.8,11251.05,11278.9,18085.19,-66.9,-19.525,0.027400661
13-May-19,11258.7,11300.2,11125.6,11148.2,16722.91,-152,-64.7,-0.075325722
14-May-19,11151.65,11294.75,11108.3,11222.05,19906.38,-72.7,20.525,0.190365792
15-May-19,11271.7,11286.8,11136.95,11157,17931.75,-129.8,-54.875,-0.099195836
16-May-19,11180.35,11281.55,11143.35,11257.1,15629.57,-24.45,44.65,-0.128385685
17-May-19,11261.9,11426.15,11259.85,11407.15,20177.63,-19,64.15,0.290990731
20-May-19,11651.9,11845.2,11591.7,11828.25,25223.78,-16.95,109.8,0.250086358
21-May-19,11863.65,11883.55,11682.8,11709.1,20324.67,-174.45,-74.075,-0.194225846
22-May-19,11727.95,11784.8,11682.4,11737.9,19582.41,-46.9,4.3,-0.03652015
23-May-19,11901.3,12041.15,11614.5,11657.05,31180.08,-384.1,-170.775,0.592249371
24-May-19,11748,11859,11658.1,11844.1,20028.49,-14.9,85.55,-0.357651103
27-May-19,11855.5,11957.15,11812.4,11924.75,17735.36,-32.4,39.975,-0.114493404
28-May-19,11958.35,11958.55,11864.9,11928.75,28833.54,-29.8,17.025,0.625765702
29-May-19,11905.8,11931.9,11836.8,11861.1,15985.92,-70.8,-23.25,-0.445579003
30-May-19,11865.3,11968.55,11859.4,11945.9,20261.85,-22.65,31.925,0.267481008
31-May-19,11999.8,12039.25,11829.45,11922.8,22789,-116.45,-11.55,0.124724544
03-Jun-19,11953.75,12103.05,11920.1,12088.55,17451.36,-14.5,76.975,-0.234220018
04-Jun-19,12052.65,12095.2,12005.85,12021.65,15308.28,-73.55,-28.875,-0.122803037
06-Jun-19,12039.8,12039.8,11830.25,11843.75,21144.77,-196.05,-91.275,0.381263604
07-Jun-19,11865.2,11897.5,11769.5,11870.65,14939.4,-26.85,37.15,-0.293470679
10-Jun-19,11934.9,11975.05,11871.75,11922.7,13125.41,-52.35,-0.7,-0.121423216
11-Jun-19,11959.85,12000.35,11904.35,11965.6,15392.28,-34.75,13.25,0.17270851
12-Jun-19,11962.45,11962.45,11866.35,11906.2,14120.17,-56.25,-8.2,-0.082645976
13-Jun-19,11873.9,11931.35,11817.05,11914.05,18680.91,-17.3,39.85,0.322994695
14-Jun-19,11910.1,11911.85,11797.7,11823.3,16226.57,-88.55,-31.475,-0.131382251
17-Jun-19,11844,11844.05,11657.75,11672.15,13851.67,-171.9,-78.75,-0.146358719
18-Jun-19,11677.05,11727.2,11641.15,11691.5,16120.69,-35.7,7.325,0.163808407
19-Jun-19,11744.45,11802.5,11625.1,11691.45,18722.71,-111.05,-22.35,0.161408724
20-Jun-19,11653.65,11843.5,11635.05,11831.75,18839.11,-11.75,92.475,0.006217049
21-Jun-19,11827.6,11827.95,11705.1,11724.1,23346.13,-103.85,-42.425,0.239237416
24-Jun-19,11725.8,11754,11670.2,11699.65,12631.38,-54.35,-12.45,-0.458951869
25-Jun-19,11681,11814.4,11651,11796.45,13822.83,-17.95,63.75,0.094324611
26-Jun-19,11768.15,11871.85,11757.55,11847.55,14650.89,-24.3,32.85,0.059905244
27-Jun-19,11860.85,11911.15,11821.05,11841.55,23300.3,-69.6,-24.55,0.590367548
28-Jun-19,11861.15,11871.7,11775.5,11788.85,15191.9,-82.85,-34.75,-0.347995519
01-Jul-19,11839.9,11884.65,11830.8,11865.6,12874.96,-19.05,7.875,-0.152511536
02-Jul-19,11890.3,11917.45,11814.7,11910.3,13615.94,-7.15,44.225,0.057552023
03-Jul-19,11932.15,11945.2,11887.05,11916.75,14290.33,-28.45,0.625,0.049529449
04-Jul-19,11928.8,11969.25,11923.65,11946.75,14758.87,-22.5,0.3,0.032787206
05-Jul-19,11964.75,11981.75,11797.9,11811.15,18871.99,-170.6,-78.675,0.278688003
08-Jul-19,11770.4,11771.9,11523.3,11558.6,19146.25,-213.3,-89,0.014532649
09-Jul-19,11531.6,11582.55,11461,11555.9,21577.95,-26.65,34.125,0.127006594
10-Jul-19,11536.15,11593.7,11475.65,11498.9,16098.53,-94.8,-35.775,-0.253936078
11-Jul-19,11561.45,11599,11519.5,11582.9,14586.2,-16.1,23.65,-0.093942118
12-Jul-19,11601.15,11639.55,11538.6,11552.5,16947.57,-87.05,-36.575,0.161890691
15-Jul-19,11614.75,11618.4,11532.3,11588.35,15835.99,-30.05,13,-0.065589344
16-Jul-19,11596.65,11670.05,11573.95,11662.6,15967.91,-7.45,40.6,0.008330392
17-Jul-19,11670.75,11706.65,11651.15,11687.5,15250.5,-19.15,8.6,-0.044928234
18-Jul-19,11675.6,11677.15,11582.4,11596.9,16684.03,-80.25,-32.875,0.093998885
19-Jul-19,11627.95,11640.35,11399.3,11419.25,17326.4,-221.1,-100.575,0.038502089
22-Jul-19,11392.85,11398.15,11301.25,11346.2,19304.23,-51.95,-3.5,0.114151237
23-Jul-19,11372.25,11398.15,11302.8,11331.05,19199.32,-67.1,-19.425,-0.00543456
24-Jul-19,11322.45,11359.75,11229.8,11271.3,18353.13,-88.45,-23.475,-0.044073957
25-Jul-19,11290.4,11361.4,11239.35,11252.15,24329.21,-109.25,-48.225,0.325616393
26-Jul-19,11247.45,11307.6,11210.05,11284.3,20350.38,-23.3,25.475,-0.163541274
29-Jul-19,11307.5,11310.95,11152.4,11189.2,18705.92,-121.75,-42.475,-0.080807336
30-Jul-19,11213.7,11267.45,11072.65,11085.4,20545.71,-182.05,-84.65,0.098353356
31-Jul-19,11034.05,11145.3,10999.4,11118,23681.22,-27.3,45.65,0.152611421
01-Aug-19,11060.2,11076.75,10881,10980,21048.32,-96.75,1.125,-0.111180927
02-Aug-19,10930.3,11080.15,10848.95,10997.35,23972.04,-82.8,32.8,0.138905148
05-Aug-19,10895.8,10895.8,10782.6,10862.6,20824.1,-33.2,23.4,-0.131317151
06-Aug-19,10815.4,11018.55,10813.8,10948.25,21676.4,-70.3,32.075,0.04092854
07-Aug-19,10958.1,10975.65,10835.9,10855.5,21228.28,-120.15,-50.275,-0.020673175
08-Aug-19,10899.2,11058.05,10842.95,11032.45,20667.6,-25.6,81.95,-0.026411937
09-Aug-19,11087.9,11181.45,11062.8,11109.65,21092.05,-71.8,-12.475,0.020536976
13-Aug-19,11139.4,11145.9,10901.6,10925.85,24790.67,-220.05,-97.9,0.175356118
14-Aug-19,11003.25,11078.15,10935.6,11029.4,19712.81,-48.75,22.525,-0.204829478
16-Aug-19,11043.65,11068.65,10924.3,11047.8,19281.91,-20.85,51.325,-0.021858883
19-Aug-19,11094.8,11146.9,11037.85,11053.9,14120.35,-93,-38.475,-0.267689249
20-Aug-19,11063.9,11076.3,10985.3,11017,16915.96,-59.3,-13.8,0.197984469
21-Aug-19,11018.15,11034.2,10906.65,10918.7,16747.99,-115.5,-51.725,-0.009929676
22-Aug-19,10905.3,10908.25,10718.3,10741.35,18764.38,-166.9,-71.925,0.12039594
23-Aug-19,10699.6,10862.55,10637.15,10829.35,20983.75,-33.2,79.5,0.11827569
26-Aug-19,11000.3,11070.3,10756.55,11057.85,22375.99,-12.45,144.425,0.066348484
27-Aug-19,11106.55,11141.75,11049.5,11105.35,27413.16,-36.4,9.725,0.225114956
28-Aug-19,11101.3,11129.65,10987.65,11046.1,16739.43,-83.55,-12.55,-0.389365181
29-Aug-19,10996.05,11021.1,10922.4,10948.3,20127.77,-72.8,-23.45,0.202416689
30-Aug-19,10987.8,11042.6,10874.8,11023.25,21057.31,-19.35,64.55,0.046181967
03-Sep-19,10960.95,10967.5,10772.7,10797.9,16595.6,-169.6,-72.2,-0.211884139
04-Sep-19,10790.4,10858.75,10746.35,10844.65,19195.1,-14.1,42.1,0.156637904
05-Sep-19,10860.95,10920.1,10816,10847.9,18279.88,-72.2,-20.15,-0.047679877
06-Sep-19,10883.8,10957.05,10867.45,10946.2,18167.78,-10.85,33.95,-0.006132425
09-Sep-19,10936.7,11028.85,10889.8,11003.05,14762.07,-25.8,43.725,-0.187458787
11-Sep-19,11028.5,11054.8,11011.65,11035.7,19550.59,-19.1,2.475,0.324379982
12-Sep-19,11058.3,11081.75,10964.95,10982.8,17510.17,-98.95,-40.55,-0.10436616
13-Sep-19,10986.8,11084.45,10945.75,11075.9,18012.76,-8.55,60.8,0.028702748
16-Sep-19,10994.85,11052.7,10968.2,11003.5,15786.17,-49.2,-6.95,-0.123611817
17-Sep-19,11000.1,11000.1,10796.5,10817.6,17721.93,-182.5,-80.7,0.12262379
18-Sep-19,10872.8,10885.15,10804.85,10840.65,16784.43,-44.5,-4.35,-0.052900559
19-Sep-19,10845.2,10845.2,10670.25,10704.8,16642.83,-140.4,-52.925,-0.00843639
20-Sep-19,10746.8,11381.9,10691,11274.2,54081.53,-107.7,237.75,2.249539291
23-Sep-19,11542.7,11694.85,11471.35,11600.2,40005.01,-94.65,17.1,-0.260283317
24-Sep-19,11590.7,11655.05,11539.2,11588.2,26930.07,-66.85,-8.925,-0.326832564
25-Sep-19,11564.85,11564.95,11416.1,11440.2,25266.24,-124.75,-50.325,-0.061783352
26-Sep-19,11469.85,11610.85,11466.35,11571.2,30707.84,-39.65,32.6,0.215370391
27-Sep-19,11556.35,11593.6,11499.75,11512.4,19036.94,-81.2,-34.275,-0.380062551
30-Sep-19,11491.15,11508.25,11390.8,11474.45,23748.07,-33.8,24.925,0.247473071
01-Oct-19,11515.4,11554.2,11247.9,11359.9,28972.72,-194.3,-41.15,0.220003141
03-Oct-19,11322.25,11370.4,11257.35,11314,21658.38,-56.4,0.125,-0.252456104
04-Oct-19,11388.45,11400.3,11158.35,11174.75,22470.76,-225.55,-104.575,0.037508807
07-Oct-19,11196.2,11233.85,11112.65,11126.4,18641.37,-107.45,-46.85,-0.170416577
09-Oct-19,11152.95,11321.6,11090.15,11313.3,20961.54,-8.3,107.425,0.124463492
10-Oct-19,11280.5,11293.35,11208.55,11234.55,19234.31,-58.8,-16.4,-0.082399957
11-Oct-19,11257.7,11362.9,11189.4,11305.05,22511.39,-57.85,28.9,0.17037679
14-Oct-19,11335.9,11420.45,11290.05,11341.15,17499.48,-79.3,-14.1,-0.222638851
15-Oct-19,11360.85,11462.35,11342.1,11428.3,17041.55,-34.05,26.075,-0.026168206
16-Oct-19,11464.95,11481.05,11411.1,11464,18266.06,-17.05,17.925,0.071854379
17-Oct-19,11466.3,11599.1,11439.65,11586.35,20839.2,-12.75,66.975,0.140870007
18-Oct-19,11580.3,11684.7,11553.15,11661.85,22315.99,-22.85,42.925,0.070865964
22-Oct-19,11657.15,11714.35,11573.65,11588.35,29726.27,-126,-55.65,0.33206145
23-Oct-19,11596.2,11651.6,11554.4,11604.1,23397.69,-47.5,1.1,-0.212895193
24-Oct-19,11661.65,11679.6,11534.65,11582.6,25177.46,-97,-24.525,0.076066056
25-Oct-19,11646.15,11646.9,11490.75,11583.9,23611.51,-63,15.075,-0.062196504
27-Oct-19,11662.25,11672.4,11604.6,11627.15,3548.21,-45.25,-11.35,-0.849725409
29-Oct-19,11643.95,11809.4,11627.35,11786.85,27054.87,-22.55,68.475,6.624934826
30-Oct-19,11883.9,11883.95,11784.45,11844.1,22672.18,-39.85,9.9,-0.161992647
31-Oct-19,11890.45,11945,11855.1,11877.45,31304.73,-67.55,-22.6,0.380755181
01-Nov-19,11886.6,11918.3,11843.35,11890.6,24933.55,-27.7,9.775,-0.203521321
04-Nov-19,11928.9,11989.15,11905.35,11941.3,23203.88,-47.85,-5.95,-0.069371189
05-Nov-19,11974.6,11978.95,11861.9,11917.2,20995.88,-61.75,-3.225,-0.0951565
06-Nov-19,11911.5,12002.9,11850.25,11966.05,23324.97,-36.85,39.475,0.110930811
07-Nov-19,12021.1,12021.4,11946.85,12012.05,20898.24,-9.35,27.925,-0.104040005
08-Nov-19,11987.15,12034.15,11888.75,11908.15,22931.52,-126,-53.3,0.097294318
11-Nov-19,11879.2,11932.65,11853.95,11913.45,16548.47,-19.2,20.15,-0.278352678
13-Nov-19,11908.3,11946.8,11823.2,11840.45,20401.5,-106.35,-44.55,0.232833005
14-Nov-19,11858.75,11895.65,11802.65,11872.1,19114.86,-23.55,22.95,-0.063065951
15-Nov-19,11904.2,11973.65,11879.25,11895.45,22350.63,-78.2,-31,0.16928034
18-Nov-19,11915.15,11946.2,11867.6,11884.5,17991.41,-61.7,-22.4,-0.195037903
19-Nov-19,11919.45,11958.85,11881.75,11940.1,21574.84,-18.75,19.8,0.199174495
20-Nov-19,12004.75,12038.6,11966.05,11999.1,24341.14,-39.5,-3.225,0.128218796
21-Nov-19,12025.65,12028.2,11956.9,11968.4,21609.99,-59.8,-24.15,-0.112203044
22-Nov-19,11967.3,11968.1,11883.5,11914.4,19243.57,-53.7,-11.4,-0.109505835
25-Nov-19,11922.45,12084.5,11919.75,12073.75,19990.44,-10.75,71.625,0.038811406
26-Nov-19,12110.2,12132.45,12006.35,12037.7,46030.62,-94.75,-31.7,1.302631658
27-Nov-19,12068.5,12114.9,12055.15,12100.7,19937.4,-14.2,15.675,-0.566866577
28-Nov-19,12132.1,12158.8,12099.95,12151.15,21229.58,-7.65,21.775,0.064811861
29-Nov-19,12146.2,12147.4,12017.4,12056.05,21838.04,-91.35,-26.35,0.028660953
02-Dec-19,12137.05,12137.15,12023.7,12048.2,23113.18,-88.95,-32.225,0.058390771
03-Dec-19,12067.65,12068.6,11956.4,11994.2,18203.76,-74.4,-18.3,-0.212407812
04-Dec-19,11969.95,12054.7,11935.3,12043.2,22132.83,-11.5,48.2,0.215838376
05-Dec-19,12071.25,12081.2,11998.75,12018.4,19589.81,-62.8,-21.575,-0.114898095
06-Dec-19,12047.35,12057.05,11888.85,11921.5,18245.49,-135.55,-51.45,-0.068623432
09-Dec-19,11939.1,11981.95,11888.05,11937.5,16672.87,-44.45,2.5,-0.086192259
10-Dec-19,11950.5,11953.2,11844.7,11856.8,16514.63,-96.4,-42.15,-0.009490867
11-Dec-19,11867.35,11923.2,11832.3,11910.15,18760.57,-13.05,32.4,0.135996992
12-Dec-19,11944.3,12005.5,11934,11971.8,18401.22,-33.7,2.05,-0.019154535
13-Dec-19,12026.4,12098.85,12023.6,12086.7,20626.8,-12.15,25.475,0.120947415
16-Dec-19,12131.35,12134.65,12046.3,12053.95,16110.34,-80.7,-36.525,-0.218960769
17-Dec-19,12082.45,12182.75,12070.35,12165,20968.79,-17.75,38.45,0.301573399
18-Dec-19,12197,12237.7,12163.45,12221.65,22341.06,-16.05,21.075,0.065443452
19-Dec-19,12223.4,12268.35,12191.15,12259.7,19761.9,-8.65,29.95,-0.115444836
20-Dec-19,12266.45,12293.9,12252.75,12271.8,25750.24,-22.1,-1.525,0.303024507
23-Dec-19,12235.45,12287.15,12213.25,12262.75,18078.23,-24.4,12.55,-0.297939359
24-Dec-19,12269.25,12283.7,12202.1,12214.55,13864.56,-69.15,-28.35,-0.233079787
26-Dec-19,12211.85,12221.55,12118.85,12126.55,16362.31,-95,-43.65,0.180153571
27-Dec-19,12172.9,12258.45,12157.9,12245.8,13676.2,-12.65,37.625,-0.164164473
30-Dec-19,12274.9,12286.45,12213.8,12255.85,14556.73,-30.6,5.725,0.064384113
31-Dec-19,12247.1,12247.1,12151.8,12168.45,14812.89,-78.65,-31,0.017597359
01-Jan-20,12202.15,12222.2,12165.3,12182.5,10445.68,-39.7,-11.25,-0.29482498
02-Jan-20,12198.55,12289.9,12195.25,12282.2,15256.55,-7.7,39.625,0.460560729
03-Jan-20,12261.1,12265.6,12191.35,12226.65,16827.27,-38.95,-1.825,0.102953813
06-Jan-20,12170.6,12179.1,11974.2,11993.05,16869.22,-186.05,-83.6,0.002492977
07-Jan-20,12079.1,12152.15,12005.35,12052.95,17797.68,-99.2,-25.8,0.055038704
08-Jan-20,11939.1,12044.95,11929.6,12025.35,18281.15,-19.6,38.075,0.027164777
09-Jan-20,12153.15,12224.05,12132.55,12215.9,18456.64,-8.15,37.6,0.009599506
10-Jan-20,12271,12311.2,12213.2,12256.8,18818.62,-54.4,-5.4,0.019612454
13-Jan-20,12296.7,12337.75,12285.8,12329.55,17522.13,-8.2,17.775,-0.068894
14-Jan-20,12333.1,12374.25,12308.7,12362.3,17948.92,-11.95,20.825,0.024357199
15-Jan-20,12349.4,12355.15,12278.75,12343.3,17882.51,-11.85,26.35,-0.003699944
16-Jan-20,12347.1,12389.05,12315.8,12355.5,16004.06,-33.55,3.075,-0.105043979
17-Jan-20,12328.4,12385.45,12321.4,12352.35,21397.63,-33.1,-1.075,0.337012608
20-Jan-20,12430.5,12430.5,12216.9,12224.55,21415.43,-205.95,-99.15,0.000831868
21-Jan-20,12195.3,12230.05,12162.3,12169.85,18682.65,-60.2,-26.325,-0.127607991
22-Jan-20,12218.35,12225.05,12087.9,12106.9,19758.68,-118.15,-49.575,0.057595148
23-Jan-20,12123.75,12189,12094.1,12180.35,23829.39,-8.65,38.8,0.206021354
24-Jan-20,12174.55,12272.15,12149.65,12248.25,18032.27,-23.9,37.35,-0.243276055
27-Jan-20,12197.1,12216.6,12107,12119,17988.61,-97.6,-42.8,-0.002421215
28-Jan-20,12148.1,12163.55,12024.5,12055.8,20917.62,-107.75,-38.225,0.16282581
29-Jan-20,12114.9,12169.6,12103.8,12129.5,20646.18,-40.1,-7.2,-0.01297662
30-Jan-20,12147.75,12150.3,12010.6,12035.8,19372.67,-114.5,-44.65,-0.061682597
31-Jan-20,12100.4,12103.55,11945.85,11962.1,26044.91,-141.45,-62.6,0.344415096
01-Feb-20,11939,12017.35,11633.3,11661.85,20598.12,-355.5,-163.475,-0.20913069
03-Feb-20,11627.45,11749.85,11614.5,11707.9,25415.26,-41.95,25.725,0.23386309
04-Feb-20,11786.25,11986.15,11783.4,11979.65,22338.5,-6.5,94.875,-0.121059552
05-Feb-20,12005.85,12098.15,11953.35,12089.15,22998.05,-9,63.4,0.029525259
06-Feb-20,12120,12160.6,12084.65,12137.95,21735.92,-22.65,15.325,-0.05487987
07-Feb-20,12151.15,12154.7,12073.95,12098.35,16339.61,-56.35,-15.975,-0.248266924
10-Feb-20,12102.35,12103.55,11990.75,12031.5,17185.14,-72.05,-15.65,0.051747257
11-Feb-20,12108.4,12172.3,12099,12107.9,16209.52,-64.4,-27.75,-0.056771141
12-Feb-20,12151,12231.75,12144.3,12201.2,16598.33,-30.55,13.175,0.023986522
13-Feb-20,12219.55,12225.65,12139.8,12174.65,16315.27,-51,-8.075,-0.017053523
14-Feb-20,12190.15,12246.7,12091.2,12113.45,20759.51,-133.25,-55.5,0.272397576
17-Feb-20,12131.8,12159.6,12037,12045.8,15439.55,-113.8,-52.5,-0.256266164
18-Feb-20,12028.25,12030.75,11908.05,11992.5,18853,-38.25,23.1,0.221084811
19-Feb-20,12090.6,12134.7,12042.1,12125.9,17610.89,-8.8,37.5,-0.065883944
20-Feb-20,12119,12152,12071.45,12080.85,18831.51,-71.15,-30.875,0.069310523
24-Feb-20,12012.55,12012.55,11813.4,11829.4,19421.04,-183.15,-83.575,0.031305509
25-Feb-20,11877.5,11883.05,11779.9,11797.9,18510.82,-85.15,-33.575,-0.046867727
26-Feb-20,11738.55,11783.25,11639.6,11678.5,21887.07,-104.75,-32.925,0.182393325
27-Feb-20,11661.25,11663.85,11536.7,11633.3,21623.47,-30.55,33.025,-0.01204364
28-Feb-20,11382,11384.8,11175.05,11201.75,32297.15,-183.05,-78.175,0.493615502
02-Mar-20,11387.35,11433,11036.25,11132.75,24204.55,-300.25,-101.875,-0.250567
03-Mar-20,11217.55,11342.25,11152.55,11303.3,23281.2,-38.95,55.9,-0.038147786
04-Mar-20,11351.35,11356.6,11082.15,11251,26928.46,-105.6,31.625,0.156661169
05-Mar-20,11306.05,11389.5,11244.6,11269,26980.65,-120.5,-48.05,0.001938098
06-Mar-20,10942.65,11035.1,10827.4,10989.45,26455.29,-45.65,58.2,-0.019471733
09-Mar-20,10742.05,10751.55,10294.45,10451.45,35151.79,-300.1,-71.55,0.328724425
11-Mar-20,10334.3,10545.1,10334,10458.4,32548.47,-86.7,18.85,-0.074059386
12-Mar-20,10039.95,10040.75,9508,9590.15,39283.97,-450.6,-184.225,0.20693753
13-Mar-20,9107.6,10159.4,8555.15,9955.2,44167.89,-204.2,597.925,0.124323484
16-Mar-20,9587.8,9602.2,9165.1,9197.4,29181.8,-404.8,-186.25,-0.3392983
17-Mar-20,9285.4,9403.8,8915.6,8967.05,28004.16,-436.75,-192.65,-0.04035529
18-Mar-20,9088.45,9127.55,8407.05,8468.8,39256.71,-658.75,-298.5,0.401817087
19-Mar-20,8063.3,8575.45,7832.55,8263.45,34274.23,-312,59.45,-0.126920468
20-Mar-20,8284.45,8883,8178.2,8745.45,37321.25,-137.55,214.85,0.088901195
23-Mar-20,7945.7,8159.25,7583.6,7610.25,23891.9,-549,-261.175,-0.359831195
24-Mar-20,7848.3,8036.95,7511.1,7801.05,28282.09,-235.9,27.025,0.183752234
25-Mar-20,7735.15,8376.75,7714.75,8317.85,28482.01,-58.9,272.1,0.007068785
26-Mar-20,8451,8749.05,8304.9,8641.45,32228.31,-107.6,114.475,0.13153215
27-Mar-20,8949.1,9038.9,8522.9,8660.25,31336.86,-378.65,-120.65,-0.027660464
30-Mar-20,8385.95,8576,8244,8281.1,24724.44,-294.9,-128.9,-0.211010931
31-Mar-20,8529.35,8678.3,8358,8597.75,27401.3,-80.55,79.6,0.108267771
01-Apr-20,8584.1,8588.1,8198.35,8253.8,21307.3,-334.3,-139.425,-0.222398207
03-Apr-20,8356.55,8356.55,8055.8,8083.8,26561.18,-272.75,-122.375,0.246576525
07-Apr-20,8446.3,8819.4,8360.95,8792.2,35206.69,-27.2,202.025,0.325494199
08-Apr-20,8688.9,9131.7,8653.9,8748.75,37641.68,-382.95,-144.05,0.069162707
09-Apr-20,8973.05,9128.35,8904.55,9111.9,32907.82,-16.45,95.45,-0.125761124
13-Apr-20,9103.95,9112.05,8912.4,8993.85,26749.06,-118.2,-18.375,-0.187151868
15-Apr-20,9196.4,9261.2,8874.1,8925.3,41878.64,-335.9,-142.35,0.565611651
16-Apr-20,8851.25,9053.75,8821.9,8992.8,31318.29,-60.95,54.975,-0.252165543
17-Apr-20,9323.45,9324,9091.35,9266.75,33334.73,-57.25,59.075,0.06438538
20-Apr-20,9390.2,9390.85,9230.8,9261.85,28620.91,-129,-48.975,-0.141408675
21-Apr-20,9016.95,9044.4,8909.4,8981.45,28273.89,-62.95,4.55,-0.012124702
22-Apr-20,9026.75,9209.75,8946.25,9187.3,33981.82,-22.45,109.3,0.201879897
23-Apr-20,9232.35,9343.6,9170.15,9313.9,30270.55,-29.7,57.025,-0.109213397
24-Apr-20,9163.9,9296.9,9141.3,9154.4,32859.05,-142.5,-64.7,0.085512156
27-Apr-20,9259.7,9377.1,9250.35,9282.3,26696.54,-94.8,-31.425,-0.187543766
28-Apr-20,9389.8,9404.4,9260,9380.9,30091.41,-23.5,48.7,0.127165168
29-Apr-20,9408.6,9599.85,9392.35,9553.35,31673.23,-46.5,57.25,0.052567161
30-Apr-20,9753.5,9889.05,9731.5,9859.9,39332.46,-29.15,49.625,0.241820301
04-May-20,9533.5,9533.5,9266.95,9293.5,-,-240,-106.725,#VALUE!
05-May-20,9429.4,9450.9,9190.75,9205.6,29700.2,-245.3,-115.225,#VALUE!
06-May-20,9226.8,9346.9,9116.5,9270.9,30798.1,-76,39.2,0.036966081
07-May-20,9234.05,9277.85,9175.9,9199.05,59705.53,-78.8,-27.825,0.938610823
08-May-20,9376.95,9382.65,9238.2,9251.5,30743.45,-131.15,-58.925,-0.485082035
11-May-20,9348.15,9439.9,9219.95,9239.2,31048.47,-200.7,-90.725,0.009921463
12-May-20,9168.85,9240.85,9043.95,9196.55,37706.27,-44.3,54.15,0.214432466
13-May-20,9584.2,9584.5,9351.1,9383.55,36488.9,-200.95,-84.25,-0.032285612
14-May-20,9213.95,9281.1,9119.75,9142.75,29541.59,-138.35,-57.675,-0.190395161
15-May-20,9182.4,9182.4,9050,9136.85,25847.33,-45.55,20.65,-0.125052849
18-May-20,9158.3,9158.3,8806.75,8823.25,33347.46,-335.05,-159.275,0.290170397
19-May-20,8961.7,9030.35,8855.3,8879.1,32026.94,-151.25,-63.725,-0.039598818
20-May-20,8889.15,9093.8,8875.35,9066.55,30721.99,-27.25,81.975,-0.040745385
21-May-20,9079.45,9178.55,9056.1,9106.25,28303.51,-72.3,-11.075,-0.078721463
22-May-20,9067.9,9149.6,8968.55,9039.25,31625.47,-110.35,-19.825,0.117369188